 ,branch,speaker,text,choice_group,choice_text,next_id,next_choice,is_end
1,main,Tom,"Hi,David! Steven asked me to invite you to a party at his house tonight.",,,,main_1,FALSE
2,main,PLAYER,,main_1,"A:Sure, then I have to go!",5,,FALSE
3,main,PLAYER,,main_1,"B:Great! I haven’t seen him for a long time, I’ll be there.",6,,FALSE
4,main,PLAYER,,main_1,"C:No problem, see you tonight",7,,FALSE
5,main,Tom,"That’s my bro,we should drink tonight",,,,,TRUE
6,main,Tom,Cool! So see you then!,,,,,TRUE
7,main,Tom,So nice! Okay See you!,,,,,TRUE
A_t3,main,,"Steven—my best friends. When I needed help, he always help me. We have friendship many years~ As Tom said 'Steven invite me join party tonight!' I feel exciting!  Now I got a call form Jim, he invite me join he party tonight just celebration he get new job!",,,A_t4,,FALSE
A_t4,main,,I’m happy for my son and at the same time wondering which party to go to.,,,,Ec_1,FALSE
A_T1,main,,Ec_1,Go see Jim to celeberate the good news,,,,TRUE
A_T2,main,,Ec_1,Go see Steven made connection with friends,,,,TRUE
C_1,A,,"I attend Jim party and Jim really happy—but I afraid Steven not happy.Now, I just ready to go to Steven house and Jim says—",,,8,,FALSE
8,A,Jim,"Pops, I notice your phone received a email.",,,,A_1,FALSE
9,A,PLAYER,,A_1,A:Oh really?Tell me the content.,A_n1,,FALSE
10,A,PLAYER,,A_1,"B:Quick, check who sent it!",A_n2,,FALSE
11,A,PLAYER,,A_1,"C:Wow, do you know who send to me?!",A_n3,,FALSE
A_n1,A,,"Dear David,We regret to inform you that the queue has ended, but don’t worry, we will hold it again next time and welcome you to come again!Hope you enjoy tonight’s party with your son—we’re happy for him too.",,,12,,FALSE
A_n2,A,,"Dear David,We regret to inform you that the queue has ended, but don’t worry, we will hold it again next time and welcome you to come again!Hope you enjoy tonight’s party with your son—we’re happy for him too.",,,13,,FALSE
A_n3,A,,"Dear David,We regret to inform you that the queue has ended, but don’t worry, we will hold it again next time and welcome you to come again!Hope you enjoy tonight’s party with your son—we’re happy for him too.",,,14,,FALSE
12,A,Jim,Dad... Uncle Steven would be okay?,,,,A_2,FALSE
13,A,Jim,Dad... are you okay?,,,,A_2,FALSE
14,A,Jim,Papa... Uncle Steven is too kind and I am so sorry let you missed him party,,,,A_2,FALSE
15,A,PLAYER,,A_2,"A:Oh, that’s be fine ,everything going well",A_n4,,FALSE
16,A,PLAYER,,A_2,B:Yes he just told me the party is finish and I will join next time,A_n4,,FALSE
17,A,PLAYER,,A_2,"C:Oh son, no worry ,we can join together in next time.",A_n4,,FALSE
A_n4,A,,"Getting Steven’s understanding made me feel a bit embarrassed, but it’s okay—next time then. I’ve decided to cherish every opportunity we have to get together.",,,,,TRUE
C_2,A,,"Suddenly, I spotted Jenny by the roadside—my old friend, Jenny!  I immediately braked and called out to her.",,,18,,FALSE
18,A,Jenny,"Hi David, long time no see! I moved here.",,,,A_3,FALSE
19,A,PLAYER,,A_3,"A:That's great! Now we can catch up sometimes—and hey, if you ever need help, just say the word!",22,,FALSE
20,A,PLAYER,,A_3,"B:I'm really glad you're here. Hope you'll like the neighborhoodnand remember, my door's always open.",23,,FALSE
21,A,PLAYER,,A_3,"C:Same here! All's good on my end. Don't be shy if you need anything, okay?",24,,FALSE
22,A,Jenny,Thank you David,,,A_n5,,FALSE
23,A,Jenny,You are so lovely and I will knock your door,,,A_n5,,FALSE
24,A,Jenny,That would be super nice.,,,A_n5,,FALSE
A_n5,A,,"Leaving Jenny, old memories hit—her skipping school, our fights, messy marriages. But anyway everything pass and now we are old, cherish the daily life is necessary~",,,,,TRUE
25,A,Tom,"Hey, heard Jenny’s living nearby now. Cops are after her too—she did time. Just watch your back, okay?",,,,A_4,FALSE
26,A,PLAYER,,A_4,"A:Oh, thanks for the heads-up. I didn't know about that. I'll definitely be careful.",A_n6,,FALSE
27,A,PLAYER,,A_4,B:Really? That's kind of scary... I appreciate you telling me though.,A_n6,,FALSE
28,A,PLAYER,,A_4,"C:Oh my god, how did this happen? Okay, I'll stay alert.",A_n6,,FALSE
A_n6,A,,"Tom’s words dragged up my Jenny prejudices—ugly memories rushing back. Yeah, I’m biased. Even biking lost its joy; I just raced home to warn my son.Found him waiting at the door. Blurted it out instantly.",,,,,TRUE
29,A,Jim,"Hey Dad, you're back! How was your ride?",,,,A_5,FALSE
30,A,PLAYER,,A_5,"A:I met an old friend today, but she was trouble before, maybe we should stay away.",33,,FALSE
31,A,PLAYER,,A_5,"B:I met Jenny today. She’s moving in, but the cops want her and she’s got a bad rep, that’s why I’m uneasy.",34,,FALSE
32,A,PLAYER,,A_5,"C:Hi Jim,actually today I met Jenny, she was never family-close. After years of bad rumors, I’m cautious.",35,,FALSE
33,A,Jim,"Oh, I see... But Dad, maybe we shouldn't judge her based on rumors? What if we talk to her first—this could all just be prejudice.",,,,A_6,FALSE
34,A,Jim,"Hmm, you're right. But Uncle Steven was so kind, even though we lost touch. Maybe we should hear her out? She's his only family after all.",,,,A_6,FALSE
35,A,Jim,"I get it. But people are complex, Dad. Maybe we just treat her normally—without assumptions?",,,,A_6,FALSE
36,A,PLAYER,,A_6,A:Son…your words make me ashamed of myself. I'll go talk to her properly this time.,A_n7,,FALSE
37,A,PLAYER,,A_6,"B:Thank you, son—you're right. I'm going to meet her and have that talk now.",A_n7,,FALSE
38,A,PLAYER,,A_6,C:That's my boy. I'm inviting her over for dinner tonight.,A_n7,,FALSE
A_n7,A,,"Post-talk with my son, I raced to Jenny. He was right—no more judging. About Jenny, What if rumors lied? I pedaled harder—there she was. At her place, she stood outside. I grabbed the chance and spoke.",,,,,TRUE
39,A,Jenny,"David, I want tell you the truth",,,,A_7,FALSE
40,A,PLAYER,,A_7,"A:Go ahead, I'm Listening.",43,,FALSE
41,A,PLAYER,,A_7,"B:Oh? Well then, tell me.",44,,FALSE
42,A,PLAYER,,A_7,C:Understood. I'm all ears.,45,,FALSE
43,A,Jenny,I was abused by my husband for many years and endured it until last year when I realized I couldn’t tolerate it anymore. I decided to divorce him.,,,,A_8,FALSE
44,A,Jenny,"Since getting married, I’ve had a very difficult life. My husband neglected me, but for the sake of the children, I didn’t choose to divorce.",,,,A_8,FALSE
45,A,Jenny,"I stayed in a failed marriage for too many years, but now I have the courage to divorce and leave him.",,,,A_8,FALSE
46,A,PLAYER,,A_8,"A:I understand… but Jenny, is it true the police are looking for you?",49,,FALSE
47,A,PLAYER,,A_8,B:I get the picture. But Jenny—are you actually wanted by the police right now?,50,,FALSE
48,A,PLAYER,,A_8,"C:Life's been hard on you, I see. But Jenny... are the police after you these days?",51,,FALSE
49,A,Jenny,"Yes, because I had to borrow money from others to make a living before, but I couldn’t repay it on time, so the police are after me.",,,A_n8,,FALSE
50,A,Jenny,"Thank you. I feel like I need to do more. Now I’m working hard to earn money, hoping to give my children a better life.",,,A_n8,,FALSE
51,A,Jenny,"I can manage. I’m now financially independent, and my kids can live happily.",,,A_n8,,FALSE
A_n8,A,,"Hearing Jenny’s words, I couldn’t help but feel respect for her. It hasn’t been easy for her all along. As a woman and a strong mother, she has accomplished so much. I had to change my prejudice against her and was deeply moved by her. I feel like helping her.",,,,A_13,FALSE
Ec_3,A,,,A_13,A: Give her some money as a gift,A_end,,FALSE
Ec_4,A,,,A_13,B: Find more job opportunities for her to help her make a living,A_end,,FALSE
A_end,A,,Game over. Thank you for playing!,,,,,TRUE
52,B,Steven,David! You came! I am so happy,,,,B_1,FALSE
53,B,PLAYER,,B_1,"A:Of course! I’ve missed you, my buddy!",56,,FALSE
54,B,PLAYER,,B_1,B:I’m so happy too! We’re having a get-together again!,57,,FALSE
55,B,PLAYER,,B_1,"C:The party’s perfect as always. Thanks, Steven, for bringing us together again!",58,,FALSE
56,B,Steven,"Oh man, you are so lovely",,,B_n1,,FALSE
57,B,Steven,Oh my bro! I am so happy to you enjoy the party!,,,B_n1,,FALSE
58,B,Steven,Yes! You like is best and I feel so happy.,,,B_n1,,FALSE
B_n1,B,,"Steven told me that life is full of uncertainties and that I should cherish every moment. He also told me to take good care of myself. Hearing his words warmed my heart, and I quickly called my son to send him my regards.",,,,,TRUE
59,B,Jenny,"Yo, David! That you?",,,,B_2,FALSE
60,B,PLAYER,,B_2,"A:Hi Jenny, Can't believe you're actually here - this is wild!",63,,FALSE
61,B,PLAYER,,B_2,B:Hi! Jenny! When time you come here?,64,,FALSE
62,B,PLAYER,,B_2,C:Hey! Jenny! Amazing! How have you been?,65,,FALSE
63,B,Jenny,"Exactly, I am here now! Anyway ,go do your thing—coffee soon?",,,B_n2,,FALSE
64,B,Jenny,I just move here recently and go ahead—See you soon~,,,B_n2,,FALSE
65,B,Jenny,"Yeah, everything is going well! I have to say time flies! But we're living' in the now! Anyway—catch you soon!",,,B_n2,,FALSE
B_n2,B,,"Jenny looked exhausted as I left. Steven's dying words gutted me—Mom made her leave 'for my sake.' We'd dreamed of traveling the world... then she disappeared. I ran, married Jim’s mom. Now, seeing her again—I needed to talk to her.",,,,,TRUE
66,B,Tom,"Hi, David, Jenny moved here and she is sick.",,,,B_3,FALSE
67,B,PLAYER,,B_3,A:Its too bad? Had no idea...,70,,FALSE
68,B,PLAYER,,B_3,B:Sick? She told me everything was cool—I totally bought it.,71,,FALSE
69,B,PLAYER,,B_3,C:What happened to her? What’s the illness? Is it serious?,72,,FALSE
70,B,Tom,"Yeah, my wife told me—sounds like she's need go to hospital.",,,,,TRUE
71,B,Tom,Jenny still shouldering everything alone. Breaks my heart.,,,,,TRUE
72,B,Tom,Pretty sure she is sick—but don't quote me. Go ask her direct.,,,,,TRUE
B_n3,B,,"After finishing the conversation with Tom, I felt really sad. I didn’t expect Jenny to be sick now. I decided to go back home and talk to my son about it to get his advice and thoughts.",,,73,,FALSE
73,B,Jim,"Dad, How‘s day going?",,,,B_4,FALSE
74,B,PLAYER,,B_4,"A:Jim, actually I ran into an old friend of mine today. She’s sick, but we used to be together.",77,,FALSE
75,B,PLAYER,,B_4,B:I met an old friend today and I’m torn about whether to show concern for her.,78,,FALSE
76,B,PLAYER,,B_4,"C:I ran into a friend of mine, but she seems to be sick.",79,,FALSE
77,B,Jim,"Oh my god, it must be fate, Dad.",,,B_n4,,FALSE
78,B,Jim,"Of course you should care, Dad! Life is short.",,,B_n4,,FALSE
79,B,Jim,Then you should ask and see if you can help.,,,B_n4,,FALSE
B_n4,B,,"I told Jim the whole story. Instead of blaming me, Jim supported my decision to visit Jenny. He believes life is short, and if you can help others, you should try your best to do so. Living happily together is what truly matters. I was very touched by his words, so I went out to find Jenny.",,,,,TRUE
80,B,Jenny,"Hey David, why you come here?",,,,B_5,FALSE
81,B,PLAYER,,B_5,A:You really should’ve told us. Did anyone go with you to the hospital?,84,,FALSE
82,B,PLAYER,,B_5,B:I heard someone say you are sick,85,,FALSE
83,B,PLAYER,,B_5,"C:You should’ve told us, no question. Are you okay?",86,,FALSE
84,B,Jenny,"Yes, David, thank you for your concern, but I’m almost recovered now.",,,B_n8a,,FALSE
85,B,Jenny,Thank you. I went to the hospital for a follow-up; there’s nothing serious.,,,B_n8b,,FALSE
86,B,Jenny,"Oh David, you’re so kind. Thank you, I’m fine.",,,B_n8c,,FALSE
B_n8a,B,,"Jenny carefully told me the story of how she fought the illness all by herself. I was deeply moved by her story—she truly is a strong woman. Later, Jenny also expressed her willingness to participate in the community to help more people. I felt very touched after hearing that.",,,87,,FALSE
B_n8b,B,,"Jenny carefully told me the story of how she fought the illness all by herself. I was deeply moved by her story—she truly is a strong woman. Later, Jenny also expressed her willingness to participate in the community to help more people. I felt very touched after hearing that.",,,88,,FALSE
B_n8c,B,,"Jenny carefully told me the story of how she fought the illness all by herself. I was deeply moved by her story—she truly is a strong woman. Later, Jenny also expressed her willingness to participate in the community to help more people. I felt very touched after hearing that.",,,89,,FALSE
87,B,Jenny,"David, let me know if there are any community volunteer activities.",,,B_n5,,FALSE
88,B,Jenny,"Thank you, David. Hope to see you in our community.",,,B_n5,,FALSE
89,B,Jenny,"Don’t worry, David. I’m healthy. Thank you for visiting me today.",,,B_n5,,FALSE
B_n5,B,,"Her words made me feel so warm, further igniting my hope for life and my respect for her. After a moment of reflection, I decide.",,,,B_6,FALSE
B_fc1,B,PLAYER,,B_6,A: Invite her to join community volunteer work,B_end,,FALSE
B_fc2,B,PLAYER,,B_6,B: Tell her to take good care of herself,B_end,,FALSE
B_end,B,,Game over. Thank you for playing!,,,,,TRUE
101,main100,Tom,"Hi, David! Did you hear what happened with Steven?",,,,main_101,FALSE
102,main100,PLAYER,,main_101,A:Steven? What happened to him? Tell me about it!,105,,FALSE
103,main100,PLAYER,,main_101,B:Steven? I haven’t heard from him in a long time. What’s going on?,106,,FALSE
104,main100,PLAYER,,main_101,C:Steven? What's up?,107,,FALSE
105,main100,Tom,It seems like he sick recently,,,,,TRUE
106,main100,Tom,He just back to home from hospital and many people will visit him.,,,,,TRUE
107,main100,Tom,Super terrible! I heard people say Steven are ill.,,,,,TRUE
A_t103,main100,,"Steven—my best friends. When I needed help, he always help me. As Tom said  Steven ill seriously! I have to visit him immediately. Now I got a call  form Jim but without any voice.",,,A_t104,,FALSE
A_t104,main100,,"Jim is mine kid. I am not sure whether is he okay? But what about Steven? If I don’t go, will his ghost follow my forever?",,,,Ec_101,FALSE
A_T101,main100,,Ec_101,Go see Jim to make sure he is safe,,,,TRUE
A_T102,main100,,Ec_101,Go see Steven  in case he need any help,,,,TRUE
C_101,A100,,"I sped up the mountain. Lucky, Jim everything is okay—but I afraid Steven still in trouble.Now, I just ready to go to Steven house and Jim says—",,,108,,FALSE
108,A100,Jim,"Pops, I notice your phone received a email.",,,,A_101,FALSE
109,A100,PLAYER,,A_101,A:Oh really?Tell me the content.,A_n101,,FALSE
110,A100,PLAYER,,A_101,"B:Quick, check who sent it!",A_n102,,FALSE
111,A100,PLAYER,,A_101,"C:Wow, do you know who send to me?!",A_n103,,FALSE
A_n101,A100,,"Dear David, I am seriously ill and need to go to another country for treatment. See you later.My heart stopped. oh,poor Steven and I am not a good friend...'Dad?' Jim’s voice snapped me back. I blinked hard.",,,112,,FALSE
A_n102,A100,,"Dear David, I am seriously ill and need to go to another country for treatment. See you later.My heart stopped. oh,poor Steven and I am not a good friend...'Dad?' Jim’s voice snapped me back. I blinked hard.",,,113,,FALSE
A_n103,A100,,"Dear David, I am seriously ill and need to go to another country for treatment. See you later.My heart stopped. oh,poor Steven and I am not a good friend...'Dad?' Jim’s voice snapped me back. I blinked hard.",,,114,,FALSE
112,A100,Jim,Dad... Uncle Steven would be okay?,,,,A_102,FALSE
113,A100,Jim,Dad... are you okay ?,,,,A_102,FALSE
114,A100,Jim,Papa... Uncle Steven is too kind and I am so sorry to hear that,,,,A_102,FALSE
115,A100,PLAYER,,A_102,A:I never saw this coming... let me alone son,A_n104,,FALSE
116,A100,PLAYER,,A_102,B:I am not sure but seems like he really serious,A_n104,,FALSE
117,A100,PLAYER,,A_102,C:So do I and hope god bless him everything will going well.,A_n104,,FALSE
A_n104,A100,,"Overall, I feel a little lost and feel that I haven't taken good care of Steven, but I hope he recovers quickly and I will explain it to him when he comes back.",,,,,TRUE
C_102,A100,,"Suddenly, I spotted Jenny by the roadside—my old friend, Jenny! I immediately braked and called out to her.",,,118,,FALSE
118,A100,Jenny,"Hi David, long time no see! I moved here.",,,,A_103,FALSE
119,A100,PLAYER,,A_103,"A:That's great! Now we can catch up sometimes—and hey, if you ever need help, just say the word!",122,,FALSE
120,A100,PLAYER,,A_103,"B:I'm really glad you're here. Hope you'll like the neighborhood—and remember, my door's always open.",123,,FALSE
121,A100,PLAYER,,A_103,"C:Same here! All's good on my end. Don't be shy if you need anything, okay?",124,,FALSE
122,A100,Jenny,Thank you David,,,A_n105,,FALSE
123,A100,Jenny,You are so lovely and I will knock your door,,,A_n105,,FALSE
124,A100,Jenny,That would be super nice.,,,A_n105,,FALSE
A_n105,A100,,"Leaving Jenny, old memories hit—her skipping school, our fights, messy marriages. But anyway everything pass and now we are old, cherish the daily life is necessary~",,,,,TRUE
125,A100,Tom,"Hey, heard Jenny’s living nearby now. Cops are after her too—she did time. Just watch your back, okay?",,,,A_104,FALSE
126,A100,PLAYER,,A_104,"A:Oh, thanks for the heads-up—I didn't know about that. I'll definitely be careful.",A_n106,,FALSE
127,A100,PLAYER,,A_104,B:Really? That's kind of scary... I appreciate you telling me though.,A_n106,,FALSE
128,A100,PLAYER,,A_104,"C:Oh my god, how did this happen? Okay, I'll stay alert.",A_n106,,FALSE
A_n106,A100,,"Tom’s words dragged up my Jenny prejudices—ugly memories rushing back. Yeah, I’m biased. Even biking lost its joy; I just raced home to warn my son.Found him waiting at the door. Blurted it out instantly.",,,,,TRUE
129,A100,Jim,"Hey Dad, you're back! How was your ride?",,,,A_105,FALSE
130,A100,PLAYER,,A_105,A:Yeah I met a old friend today but in the past she’s trouble and maybe we should stay away from her.,133,,FALSE
131,A100,PLAYER,,A_105,B:I met Jenny today. We need to talk.She’s moving in. Problem? Cops want her. Bad rep too. That’s why I’m uneasy.,134,,FALSE
132,A100,PLAYER,,A_105,"C:Hi Jim,actually today I met Jenny she was never family-close. After years of bad rumors, I’m cautious.",135,,FALSE
133,A100,Jim,"Oh, I see... But Dad, maybe we shouldn't judge her based on rumors? What if we talk to her first—this could all just be prejudice.",,,,A_106,FALSE
134,A100,Jim,"Hmm, you're right. But Uncle Steven was so kind, even though we lost touch. Maybe we should hear her out? She's his only family after all.",,,,A_106,FALSE
135,A100,Jim,"I get it. But people are complex, Dad. Maybe we just treat her normally—without assumptions?",,,,A_106,FALSE
136,A100,PLAYER,,A_106,A:Son... hearing you say that makes me ashamed of myself. I'll go talk to her properly this time.,A_n107,,FALSE
137,A100,PLAYER,,A_106,"B:Thank you, son—you're truly better than I am. Alright, I'm going to meet her and have that talk now.",A_n107,,FALSE
138,A100,PLAYER,,A_106,C:That's my boy. I'm inviting her over for dinner tonight.,A_n107,,FALSE
A_n107,A100,,"Post-talk with my son, I raced to Jenny. He was right—no more judging. About Jenny, What if rumors lied? I pedaled harder—there she was.At her place, she stood outside. I grabbed the chance and spoke.",,,,,TRUE
139,A100,Jenny,"David, I want tell you the truth",,,,A_107,FALSE
140,A100,PLAYER,,A_107,"A:Go ahead, I'm Listening.",143,,FALSE
141,A100,PLAYER,,A_107,"B:Oh? Well then, tell me.",144,,FALSE
142,A100,PLAYER,,A_107,C:Understood. I'm all ears.,145,,FALSE
143,A100,Jenny,Did time—killed abusive hubby. Self-defense. Fresh out. World didn’t want me sometime I have to steal money for living but now I just want die quite.,,,,A_108,FALSE
144,A100,Jenny,My husband destroyed me and I killed him then stole to survive. Not that person anymore. Just... let me stay.,,,,A_108,FALSE
145,A100,Jenny,"Yeah, I did time. There were...fatal accidents. Back then? Pure survival mode - stole when desperate. Don't mistake me, I own that shit. But that life's behind me.",,,,A_108,FALSE
146,A100,PLAYER,,A_108,"A:I understand... but Jenny, is it true what they're saying about the police looking for you?",149,,FALSE
147,A100,PLAYER,,A_108,B:I get the picture. But Jenny—are you actually wanted by the police right now?,150,,FALSE
148,A100,PLAYER,,A_108,"C:Life's been hard on you, I see. But Jenny... are the police after you these days?",151,,FALSE
149,A100,Jenny,Look... I know I was wrong. Don't expect forgiveness. But with this terminal illness... just let me live quietly here. Will you keep my secret? Won't force you.,,,A_n108,,FALSE
150,A100,Jenny,Should still be jailed... but came here instead. The ill—just let me die in the town.,,,A_n108,,FALSE
151,A100,Jenny,"True. But I can't go back—won't die in prison. Yet I won't risk you. If needed, turn me in. I'll understand.",,,A_n108,,FALSE
A_n108,A100,,"After listening to Jenny's words, I felt that she was really pitiful. On the one hand, what she did was wrong, but on the other hand, it was understandable..",,,,A_113,FALSE
Ec_103,A100,,,A_113,A: Acquiesce to everything that happens and stop asking questions,A100_end,,FALSE
Ec_104,A100,,,A_113,B: Say goodbye to her and keep your distance,A100_end,,FALSE
A100_end,A100,,Game over. Thank you for playing!,,,,,TRUE
152,B100,Steven,David! You came! I am so happy,,,,B_101,FALSE
153,B100,PLAYER,,B_101,"A:Are you okay , I am so worry about you??",156,,FALSE
154,B100,PLAYER,,B_101,"B:Oh, my friend! Is there something made you uncomfortable?",157,,FALSE
155,B100,PLAYER,,B_101,C:Are you good ? I am so happy you looks still well.,158,,FALSE
156,B100,Steven,"Thank you David, I am okay,you are so lovely",,,B_n101,,FALSE
157,B100,Steven,Oh my bro! I am good! Thank you coming here,,,B_n101,,FALSE
158,B100,Steven,"Yes! Still alive just kidding, I feel okay.",,,B_n101,,FALSE
B_n101,B100,,"I talk to Steven and then he suggest me contact Jim soon, he dont want influence our relationship. But Jim still angry with this experience and when something happen, jim will complain the thing again. This morning, I finally cracked—grabbed my keys and biked off to escape the guilt.",,,,,TRUE
159,B100,Jenny,"Yo, David! That you?",,,,B_102,FALSE
160,B100,PLAYER,,B_102,"A:Hi Jenny, Can't believe you're actually here - this is wild!",163,,FALSE
161,B100,PLAYER,,B_102,B:Yo Jenny! Go wild—my door's always open,164,,FALSE
162,B100,PLAYER,,B_102,"C:Jenny?! Was gonna take a walk, but fuck it—you're way more important.",165,,FALSE
163,B100,Jenny,"Exactly, I am here now! Anyway ,go do your thing—coffee soon?",,,B_n102,,FALSE
164,B100,Jenny,"You got it, David! I'll bounce for now—holler if you need me.",,,B_n102,,FALSE
165,B100,Jenny,"Time flies! But we're living' in the now. Go crush it, David—catch ya soon!",,,B_n102,,FALSE
B_n102,B100,,"Jenny looked exhausted as I left. I still remember —when we was little.  We'd dreamed of traveling the world... then she disappeared. I ran, married Jim’s mom.Now, seeing her again—I needed to talk to her.",,,,,TRUE
166,B100,Tom,"Hi, David, Jenny moved here and she is sick.",,,,B_103,FALSE
167,B100,PLAYER,,B_103,A:Its too bad?  Had no idea...,170,,FALSE
168,B100,PLAYER,,B_103,B:Sick?  She told me everything was cool—I totally bought it.,171,,FALSE
169,B100,PLAYER,,B_103,C:What happened to her? What’s the illness? Is it serious?,172,,FALSE
170,B100,Tom,"Yeah, my wife told me—sounds like she's need go to hospital ",,,,,TRUE
171,B100,Tom,Jenny still shouldering everything alone. Breaks my heart,,,,,TRUE
172,B100,Tom,Pretty sure she is sick—but don't quote me. Go ask her direct.,,,,,TRUE
B_n103,B100,,"After leaving my Tom, I biked home to check on my son - he's been moody lately and I didn't want to upset him further.",,,173,,FALSE
173,B100,Jim,"Dad, where did you go?See your friends ignore me again?",,,,B_104,FALSE
174,B100,PLAYER,,B_104,"A:How can I explain this to you? Back then, I really had no choice. Now,Steven’s sister is also alone and helpless. As a friend, isn’t it okay to show some concern?",177,,FALSE
175,B100,PLAYER,,B_104,B:I just... didn't realize how hard you had it. Now my old friend jenny is sick and  I'm terrified she'll get screwed over too.,178,,FALSE
176,B100,PLAYER,,B_104,"C:It’s my fault for not being more attentive. Honestly, I never meant to not care about you.",179,,FALSE
177,B100,Jim,Guess friends beyond family to you. Done talking. Keep choosing them over me? ,,,B_n104,,FALSE
178,B100,Jim,"Hah! Scared for her, but not me? ",,,B_n104,,FALSE
179,B100,Jim,No need to explain. Just don’t let it happen again. ,,,B_n104,,FALSE
B_n104,B100,,"Jim’s words crushed me. I couldn't let him doubt my love—but Jenny’s health still gnawed at me. After settling him for his nap, I biked to her place alone to check on her.",,,,,TRUE
180,B100,Jenny,"Hey David, why you come here?",,,,B_105,FALSE
181,B100,PLAYER,,B_105,A:You really should’ve told us. Did anyone go with you to the hospital?,184,,FALSE
182,B100,PLAYER,,B_105,B:I heard someone say you are sick,185,,FALSE
183,B100,PLAYER,,B_105,"C:You should’ve told us, no question. Are you okay ?",186,,FALSE
184,B100,Jenny,"My husband passed away, and I don’t have any children. My brother also left just days ago... That’s why I’ve been putting this off.",,,B_n108a,,FALSE
185,B100,Jenny,"David, you’ve always been so thoughtful... But the truth is, there’s no one left to take care of me.",,,B_n108b,,FALSE
186,B100,Jenny,"Right now, I have nothing planned.",,,B_n108c,,FALSE
B_n108a,B100,,"But Jenny still say ,she can do everything by herself and the sick is not serious, she suggest me put more attention on my son instead of her. I lost in my guilt, Jenny’s voice cuts through...",,,187,,FALSE
B_n108b,B100,,"But Jenny still say ,she can do everything by herself and the sick is not serious, she suggest me put more attention on my son instead of her. I lost in my guilt, Jenny’s voice cuts through...",,,188,,FALSE
B_n108c,B100,,"But Jenny still say ,she can do everything by herself and the sick is not serious, she suggest me put more attention on my son instead of her. I lost in my guilt, Jenny’s voice cuts through...",,,189,,FALSE
187,B100,Jenny,"David, don't worry about me. I am okay",,,B_n105,,FALSE
188,B100,Jenny,Thanks... but save your strength. I'll manage—it's nothing serious.,,,B_n105,,FALSE
189,B100,Jenny,"David I am okay. Doesn't weigh on me... You take care of yourself first, alright?",,,B_n105,,FALSE
B_n105,B100,,"She words made me fresh and I totally understand her and start know my son,now I just want to…",,,,B_106,FALSE
B_fc101,B100,PLAYER,,B_106,A: Follow Jenny’s advice and go home,B100_end,,FALSE
B_fc102,B100,PLAYER,,B_106,B:  Insist on staying with Jenny,B100_end,,FALSE
B100_end,B100,,Game over. Thank you for playing!,,,,,TRUE
